ชื่อ,ระยะเวลา,ข้อความรีวิว,weak_label,predicted_sentiment
rattanaporn ratree,สัปดาห์ที่แล้ว,ดีทุกอย่าง วันที่มาเป็นเสาร์ เวลาราว 15.00น. คนเยอะรถเต็ม แต่โต๊ะมีว่าง ไม่ต้องรอคิวเลย  อาหารรอไม่นาน 15-30นาที เสริฟครบโต๊ะ ปลากระพงตัวใหญ่สมราคามาก รสชาติดี ยำตะไคร้จัดจ้านเปรี้ยวเผ็ด โป๊ะแตกเปรี้ยวไม่เผ็ดมาก ตามสไตล์ครัวป้าบุญ …,positive,positive
Bow Khun,2 สัปดาห์ที่แล้ว,บรรยากาศดีมากกกกกกกก สาขานี้กว้างมาก ที่จอดรถเยอะมากๆๆๆ แต่ก็ยังเต็มอยู่ดี 😆 สนามเด็กเล่นเพียบ มุมนั่งดีสะอาดไม่ร้อน บริการดี อาหารรอไม่นาน …,positive,positive
soontaree pree,2 สัปดาห์ที่แล้ว,อาหารอร่อย บรรยากาศดีมาก เหมาะกับครอบครัวที่มีเด็กจะดีมาก เพราะมี สไลด์เด้อขนาดใหญ่หลายอันมีปลาและสัตว์ให้เด็กดู มีไดโนเสาร์ขยับได้เด็กๆชอบมาก แนะนำค่ะ ดีจริงๆ ที่บ้านมาบ่อยมากค่ะ,positive,positive
Natthaporn (nnxthq_),สัปดาห์ที่แล้ว,อาหารรสชาติอร่อย เข้มข้น บรรยากาศดี มีที่จอดรถเยอะ มีทั้งโซนนั่งเบาะและเก้าอี้ เหมาะสำหรับครอบครัว มีพื้นที่ให้เด็กได้เล่นหลากหลาย ✨❤️,positive,positive
Panisa Kasemsopa,สัปดาห์ที่แล้ว,ร้านอาหารที่ร่มรื่น สะอาด อาหารอร่อย ทำถึงและตั้งใจทำมากๆ มีหลายโซน ไดโนเสาร์เยอะขยับได้ร้องได้เหมือนเสียเงินไปดูที่พัทยาเลย มีโซนเพลกราวด์จริงจังเล่นได้สนุกสนานใหญ่มาก และมีเครื่องบินให้เด็กๆดูอีก2 ลำ ราคาร้านอาหารทั่วไปไม่ได้บวกจนเว้อ เทียบกับสิ่งที่ได้รับ ประทับใจ เคยไปป้าบุญสาขาอื่นมาแล้ว ก็ดีทุกสาขาจริงๆ,positive,positive
Minnim Aorranoy,สัปดาห์ที่แล้ว,ร้านป้าบุญเคยไปสาขาอื่น บรรยากาศเหมือนกันเลย จัดร้านได้สวย และอบอุ่นเหมาะกับครอบครัว แต่วันที่ไปฝนตก เลยเข้าไปนั่งในห้องแอร์ไม่ได้นั่งในสวน อาหารอร่อย มีเค้ก มีไอติม เริ่ดดด มาก,positive,positive
Suthasinee Trithara,3 สัปดาห์ที่แล้ว,เป็นร้านที่อยากมานานแล้ว แต่ได้ยินว่าคิวยาว วันนี้มาแล้ว ประทับใจมาก ร้านป้าบุญ 7 บางแสน ร้านบรรยากาศดี มีไดโนเสาขยับได้ด้วย รอคิวไม่นานนะ 10 นาทีได้ ที่นี่มีซุ้มร้อยกว่าซุ้ม ติดน้ำหมดเลย อาหารหลากหลาย …,positive,positive
nongnapat preechakiat,สัปดาห์ที่แล้ว,อาหารมาเร็ว รสชาติอร่อย อาหารจานใหญ่สมกับราคาเลยค่ะ ห้องน้ำสะอาดมาก เย็นสบาย บรรยากาศตอนเย็นก็ร่มรื่น,positive,positive
Arunothai Jantarachot,สัปดาห์ที่แล้ว,เริ่ดๆๆ มีน้องสัตว์ต่างๆ สนามเด็กเล่น ไดโนเสาร์ด้วย555 ห้องน้ำสะอาด แอร์เย็นหอมมากๆ อาหารคืออร่อยเลียจาน ราคาจับต้องได้ เปิดเพลงเพราะ พนักงานน่ารักมากๆๆๆๆๆ สะอาดยันหญ้า555 เมนูแนะนำ:ข้าวผัดทะเล ปลาทอดน้ำปลา(เดอะเบส),positive,positive
Ananya Wichapha,เดือนที่แล้ว,เต็ม10ให้100 ไปกับครอบครัวคือดีมาก ของเล่นเด็กเยอะ บรรยากาศดี สะอาดมาก ลงจากรถจะเห็นได้ถึงความใส่ใจของร้าน มีวีลแชร์ฟรีให้ใช้ มีร่ม ห้องน้ำสะอาดและหอมมากกกก แอร์เย็นมาก มีโอกาสก็จะพาครอบครัวไปนั่งทานอีก ขนมเบเกอรี่อร่อยมาก ไม่หวานเลี่ยน ลูกตาลอ่อนมาก ไม่มีแข็งๆเลย รสชาติอาหารดีมากถูกปาก บริการพนักงานดีมาก,positive,positive
Supak Chanda,เดือนที่แล้ว,"บรรยากาศดีมากๆ  อาหารอร่อย ให้เยอะ โดยเฉพาะขาหมูเยอรมัน ขาใหญ่มาก คุ้มราคา ได้คิวบ่าย 3 กลับ 2 ทุ่ม นั่ง นอน ดูปลาเพลินมาก   พนักงานดูแลดี ห้องน้ำสะอาดมาก
นอนเลี้ยงปลากันเพลิน แค่ยกมือ หรือหันไปมอง ปลาว่ายอ้าปากมาเลย มีอยู่จริง …",positive,positive
Ketsada Sutthiumporn,2 สัปดาห์ที่แล้ว,ร้านนี้รีวิวเยอะมากแต่ว่าสิ่งหนึ่งที่จะพูดเลยว่าห้ามพลาดก็คือของหวานเพราะของหวานเยอะแล้วก็หลากหลายมากรสชาติอร่อยบริเวณรอบรอบก็คือมีปลา …,positive,positive
Chattarika K.,2 เดือนที่แล้ว,ร้านบรรยากาศดี มีที่นั่งรองรับเยอะ หลากหลายโซน มีสัตว์น่ารักๆ ราคาอาหารค่อนข้างสูง แต่คุ้มกับปริมาณและรสชาติโอเคค่ะ,positive,positive
Jakpan Thongthae,3 สัปดาห์ที่แล้ว,บรรยากาศ​ดีมากครับ ร่มรื่น​ เย็น​สบาย อาหารอร่อย มีมุมให้ผ่อนคลายเยอะ มีสนามเด็กเล่นให้น้องๆด้วย  พนักงานน่ารัก บริการดีมาก มาพักผ่อนกับครอบครัว คือ The Best,positive,positive
Aliya Vichachai,4 วันที่ผ่านมา,พนักงานแจ้งรออาหาร 20 นาที แต่จริงๆรออาหารไม่นาน เลย(มาวันธรรมดาช่วงเย็น) อาหารได้เยอะ อร่อย พนักงานบริการดี,positive,positive
Sarayut Rongpul,สัปดาห์ที่แล้ว,ร้านป้าบุญเจ็ดบางแสนเป็นร้านอาหารมาตรฐานทุกสาขาทุกสาขาได้มาตรฐานทุกสาขาครับการตกแต่งร้านมีเครื่องมือไดโนเสาร์มีของเล่นตามสไตล์ของป้าบุญอาหารอร่อยทุกมื้อการบริการดีรวดเร็วไม่ต้องเป็นห่วงเหมือนเดิมเหมาะสำหรับร้านป้าบุญเจ็ดบางแสนเป็นร้านอาหารม …,positive,positive
Chai Wach,เดือนที่แล้ว,ร้านอยูบนถนนเลี่ยงเมืองหนองมน ใกล้ๆมอเตอร์เวย์สาย 7 พื้นที่ร้านกว้างขวางมาก็ที่จอดรถเยอะมาก แต่ช่วงเสาร์อาทิตย์น่าจะแน่นมาก เพราะต้องรับบัตรคิว ช่วงเวลาที่ไปเป็นวันธรรมดา ช่วงเย็น ลูกค้าไม่แน่น มีที่นั่งไม่ต้องรอคิว บรรยากาศร้านดี …,positive,positive
BEE POOHFEVER,3 สัปดาห์ที่แล้ว,"สถานที่กว้างขวาง เหมาะกับทุกวัย เด็ก ครอบครัว คู่รัก
เพิ่งมาครั้งแรก เห็นไดโนเสาร์หน้าร้านต้องแวะเลย มันสุดยอดมาก ขยับได้ มีเสียง ลูกชอบมาก …",positive,positive
Utayo Kongtrai,2 เดือนที่แล้ว,ครั้งแรกในการมารับบริการร้านป้าบุญ คาเฟ่ ☕️ ถือว่าประทับใจอย่างมาก ตั้งแต่การบริการต้อนรับที่จอดรถจนถึงพนักงานต้อนรับ และพนักงานเสิร์ฟ ทุกท่านให้บริการอย่างเต็มใจและเอาใจใส่ลูกค้าทุกท่านเต็มที่ …,positive,positive
Sareeya Chantasrikum,สัปดาห์ที่แล้ว,บรรยากาศดี มีสัตว์ให้เล่นด้วยเพลินๆ มีอาหารปลาขวดละ 25 บาท มีหลายโซนให้เลือก คาเฟ่ ริมน้ำ เครื่องบิน ส่วนรสชาติคิดว่าธรรมดา เมื่อเทียบกับราคา,positive,positive
York Schumann,2 เดือนที่แล้ว,เป็นคาเฟ่ต์ที่อลังการที่สุดที่เคยไปมา สนามเด็กเล่นใหญ่และเครืองเล่นดีมาก ทีไดโนเสาร์ทั้งด้านหน้าและด้านหลังร้าน มีเสียงและบางตัวขยับได้ด้วย มีเครื่องบินสองลำ ว้าวมากๆ …,positive,positive
รักแรกพบ มีอยู่จริงหรา,4 เดือนที่แล้ว,วันนี้เด็กๆยังไม่เปิดเรียนเลยมีแผนพาครอบครัวไปทานข้าวนอกบ้าน เลยนึกถึงร้านป้าบุญ7 มีสวนสัตว์เล็ก สวนน้ำ สวนไดโนเสา  ที่จอดรถสะดวก บ่ายต้นๆอากาศร้อนมากเดินเข้าไปสอบถามพนักงานก็ได้รับคำแนะนำ เราก็เดินเข้าไปดูสถานที่ เราเลือกนั่งซุ้ม …,positive,positive
Kanyarat THIANGTHAM,4 วันที่ผ่านมา,บรรยากาศร้านดี เเนะนำสำหรับครอบครัว อาหารอร่อย มีสนามเด็กเล่นให้น้องๆมาเล่นกันค่ะ,positive,positive
Aksara Toey,4 สัปดาห์ที่แล้ว,สถานที่สวย มีที่ให้ถ่ายรูปเยอะ เด็กๆชอบ มาที่เดียวจบ ไม่ต้องไปอีกหลายที่เพราะที่นี้มีทั้งกระต่าย ปลาคราฟ ไดโนเสาร์ เครื่องเล่นสำหรับเด็ก อากาศไม่ร้อน เพราะมีไอน้ำทั่วเลย โต๊ะนั่ง นอน สบาย อาหารอร่อย ออกเร็วมาก ก่อนจะมาดูรีวิวท่านอื่น แอบกลัวว่าอาหารจะออกช้า แต่มาเจอเองไม่ช้าเลย ออกเร็วมาก  ประทับใจค่ะ มีซ้ำแน่นอน,positive,positive
jintanakan Arsa,5 วันที่ผ่านมา,อาหารอร่อย จัดจ้าน อาหารจานใหญ่ ร้านบรรยากาศดีมาก  มีโซนสนามเด็กเล่น  พนักงานบริการดี ดูแลทั่วถึง แนะนำเลยค่ะ,positive,positive
Kincho Studio,3 เดือนที่แล้ว,ร้านอร่อยมากก! อาหารรสชาติดี ราคาก็ไม่แรง บรรยากาศสบายๆ เหมาะกับการมานั่งชิลล์กับเพื่อน พนักงานบริการดี แนะนำเมนูเด็ดคือ “ข้าวผัดต้มยำทะเล” อร่อยจนต้องสั่งเพิ่มแน่นอน!,positive,positive
Sukanya Je,เดือนที่แล้ว,ร้านป้าบุญสาขานี้ใหญ่มาก มีที่นั่งเป็นซุ้มๆด้านนอก และมีที่นั่งทานอาหารและเครื่องดื่มในคาเฟ่มีแอร์ พนักงานมีพร้อมบริการรวดเร็ว ที่จอดรถกว้างขวาง มีบ่อปลาสวยงาม น้ำตกจำลองดูเป็นธรรมชาติดี อาหารอร่อย กาแฟและขนมดีมากมีเมนูให้เลือกหลากหลาย แนะนำสำหรับทุกกลุ่มทุกวัยค่ะ ห้องน้ำดีมากและสะอาดสะอ้าน มีพนักงานคอยดูแลตลอดเวลา,positive,positive
Ritthikul Jomkaew,3 เดือนที่แล้ว,ถ้าคุณกำลังมองหาร้านอาหารที่ครบครันทั้งบรรยากาศดี อาหารอร่อย และเหมาะกับครอบครัว ร้านป้าบุญ พัทยาสาขา 7 คือคำตอบที่ต้องมาลอง! บรรยากาศที่นี่ดีเกินคำบรรยาย มีมุมของเล่นเด็กเยอะมาก ทั้งไดโนเสาร์สุดเท่ เครื่องบินจำลองสุดอลังการ …,positive,positive
l2itz zZ,เดือนที่แล้ว,ไปช่วงวันอาทิตย์ในวันทีีไม่ใช่วันหยุดต่อเนื่อง เวลา 11.00 คนจะเริ่มเข้ามาเยอะแต่ยังมีที่นั่งริมน้ำ พนักงานจัดโซนดูแลโต๊ะดี ทำให้เริ่มดูแลทั่วถึง ภายในมีจุดเด่นที่บรรยากาศ ไดโนเสาร์ สัตว์ต่างๆ รวมถึงปลาคาร์ฟ ให้ได้ถ่ายรูปจนเพลิน …,positive,positive
Pornchan Saengsila,เดือนที่แล้ว,"ช่วงเวลาใช้บริการ: เย็นวันจันทร์
สถานที่: ห้องคาราโอเกะ …",neutral,positive
Aeh Boice,แก้ไขเมื่อวันที่ 2 เดือนที่แล้ว,บรรยากาศดี ชอบมาก ๆ นั่งเป็นซุ้มส่วนตัว มี พนง. คอยดูแลประจำซุ้ม บริการดีมาก อาหารอร่อย ราคาไม่แพง  ไปมา 2 รอบแล้ว และคงไปอุดหนุนอีกเรื่อย ๆ แน่นอน,neutral,positive
Eiffel,2 เดือนที่แล้ว,"บรรยากาศดีมาก ไปหน้าร้อนก็ไม่ร้อน นั่งสบาย
ไปเช้าคนไม่เยอะ สายหน่อยคิวเริ่มยาวแล้ว
ประทับใจห้องน้ำ สะอาด หอม แอร์เย็น …",positive,positive
Rattana Boonla,2 เดือนที่แล้ว,อร่อย บรรยากาศดี มาตอนบ่าย 2 วันธรรมดา ไม่ต้องรอคิวเลยค่ะ มาเป็นครั้งที่ 2 แล้ว พ่อชอบมากๆ อาหารอร่อย ราคาไม่แพง บรรยากาศดีมาก ที่นั่งแยกเป็นสัดส่วน ประทับใจทุกครั้งที่มาจริงๆค่ะ,neutral,positive
Nanita Mk SCh,2 สัปดาห์ที่แล้ว,สถานที่สวย บรรยากาศดีมาก กาแฟ/อาหารอร่อย ราคารับได้  แต่เสาร์อาทิตย์คนเยอะมาก ยิ่งถ้าไปเกิน 10 คน  รอคิวโต๊ะ 30นาทีอย่างต่ำ,positive,positive
Pikulkaew S.,แก้ไขเมื่อวันที่ เดือนที่แล้ว,"อาหารรสชาติอร่อย บรรยากาศดีมาก แต่การบริการยังไม่ค่อยมีระบบ อยากจะให้ทางร้านพิจารณาเพื่อการปรับปรุงที่ดีขึ้นดังนี้ค่ะ
1.การใช้บริการห้องคาราโอเกะ …",positive,positive
patsuda trakulvaranont,เดือนที่แล้ว,อาหารอร่อยมา บรรยากาศดี ตกแต่งสวนสวยด้วยต้นไม้ หุ่นไดโนเสาร์ และสัตว์นานาชนิด เหมาะกับครัวครัวมากๆค่ะ,positive,positive
Pavida V,สัปดาห์ที่แล้ว,"อาหารหลากหลาย รสชาติดี บริการดี ร้านสวย ใหญ่มาก
เหมาะกับครอบครัวเพื่อนฝูง มาทานข้าวสบายๆ",positive,positive
Thanawat Thitiphatapichot,เดือนที่แล้ว,บรรยากาศดี ร่มรื่น อาหารรสชาดคงที่เป็นมาตรฐาน กินมาหลายสาขารสชาดเหมือนกัน พนักงานบริการดี  ห้องน้ำสะอาดดีมาก,positive,positive
ME3NGY • ミンチー,2 เดือนที่แล้ว,เป็นร้านอาหารที่โด่งดังมากในพื้นที่จังหวัดชลบุรีและระยอง สาขาที่ 7 นี้เป็นสาขาที่เปิดใหม่ล่าสุดเมื่อต้นปี 2025 สำหรับรสชาติอาหารยังรักษามาตรฐานความอร่อยได้คงเดิมเหมือนทุกๆสาขา ส่วนใหญ่จะเน้นไปที่อาหารไทยเป็นหลัก ที่แตกต่างจากสาขาอื่น คือ …,positive,positive
เศรษฐภุชงค์ มีกุล,สัปดาห์ที่แล้ว,บรรยากาศดีมาก ผ่อนคลาย ดูปลาให้อาหารปลาเพลิน ที่นั่งสะอาด น่านั่ง อาหารอร่อย มาบ่อยมาก และจะมาอีก มีสนามเด็กเล่นให้เด็กๆเล่น ดีงามมาก,positive,positive
Weera Sinsmutra,เดือนที่แล้ว,เป็นร้านอาหารที่ เหมาะสมสำหรับที่จะ นำเด็กมารับประทานท่ามกลางบรรยากาศ ธรรมชาติสบายๆ เพลงสวนสนุกให้เด็กๆได้ดูเล่น มีสัตว์เลี้ยงให้เด็กดู มีไดโนเสาร์ เครื่องบิน มีเป็ด มีไก่ต๊อก มีกระต่าย ให้เด็กใต้ทานอาหารไปด้วยเทิดเพลินไปด้วย มีปลาให้เด็ก …,neutral,positive
Owaychai Saelim,3 เดือนที่แล้ว,คาเฟ่กำลังขยายพื้นที่ บริเวรกว้างมาก ที่จอดรถเยอะเพียงพอ เหมาะสำหรับทุกวัน และครอบครัวที่พาลูกๆมาเที่ยวเล่น …,neutral,positive
iKwang DH,แก้ไขเมื่อวันที่ เดือนที่แล้ว,บรรยากาศดี ตกแต่งร้านสวย เหมาะกับพาครอบครัวมาทานอาหาร ชอบไดโนเสาร์ตรงหน้าร้านสุด เด็กๆชอบมาก อาหารรสชาติดีทุกเมนูที่สั่ง คุ้มกับราคา,positive,positive
STD CH,เดือนที่แล้ว,อาหารอร่อย คุณภาพเท่ากันทุกสาขาเลย บรรยากาศดี นั่งซุ่มในวันที่อุณหภูมิ 32 องศา ก็ไม่ได้รู้สึกร้อนค่ะ น้องๆให้บริการดียิ้มแย้มแจ่มใส ราคาไม่แพง,neutral,positive
Ratchanok C.,2 เดือนที่แล้ว,เป็นร้านอาหารและคาเฟ่ที่อยากให้ทุกคนมา รองรับแบบครอบครัวที่มีเด็กเล็ก และแบบเพื่อน ที่นั่งเยอะ ไม่แออัด มุมธรรมชาติ สัตว์เลี้ยง กระต่าย ปลา เป็ด หลายอย่างมาก สะอาดทุกมุม โดยเฉพาะห้องน้ำ สะอาดมากๆๆๆ ประทับใจ ร้านใหญ่กว้าง …,positive,positive
Bo Bo,3 เดือนที่แล้ว,อาหารรสชาติอร่อย ไม่ติดหวานแบบชาวชลบุรี ดีมากกก น้องๆพนักงานบริการดีมากกกกก แนะนำดีสุดๆ สัตว์น่ารัก เลี้ยงดี อ้วน เป็ดน่ารักมาก ใครมายืนดูเป็ด น้องตลกดี ร้านสะอาด อาหารราคาสูงนิดนึงแต่รับได้ บรรยากาศดี ห้องน้ำดี ไว้มาอีกแน่นอนค่า,positive,positive
Tony Pannarong Napatthanapong (Tony Campstory),เดือนที่แล้ว,#ร้านต้องจอด วันนี้พามาพบกับร้าน ป้าบุญคาเฟ่   จ.ชลบุรี #paboon #cafe ร้านกว้างริมทะเลสาบบ่อปลาคาร์ฟ น้ำตกพ่นหมอก บรรยากาศเหมาะสำหรับครอบครัวและเด็กๆมาก มีทั้งสนามเด็กเล่นทุกขนาด โซนสัตว์เลี้ยง หนู กระต่าย ไก่สายพันธุ์แปลก …,neutral,positive
uraiwan hadee,แก้ไขเมื่อวันที่ เดือนที่แล้ว,"เราเคยมาทาน 2 ครั้งคะ
-รสชาตอาหารถูกปากเรานะ มาทีไรต้องสั่งต้มแซ่บเนื้อ -อาหารออกเร็วรอไม่นาน
-เลือกที่นั่งได้ มี2โซน โซนห้องแอร์เป็นคาเฟ่ สั่งอาหารไปทานข้างในได้ …",positive,positive
Pig Baobei,แก้ไขเมื่อวันที่ 2 เดือนที่แล้ว,บรรยากาศดีมาก พนักงานมีเยอะ ให้บริการทั่วถึง ยกมือไหว้ทั้งไปและกลับตลอดทาง การบริการยอมรับแหละว่าทำถึงมาก ดูได้จากป้ายที่ติดแทบจะทุกที่ในเรื่องของการร้องเรียนบริการ ถือว่าใส่ใจสุดๆ อาหารก็ออกเร็ว กินมาหลายสาขาแล้ว รสชาติคงที่ทุกสาขา …,positive,positive
Sirinthip Sutchaicham,3 สัปดาห์ที่แล้ว,บรรยากาศดีมาก อาหารได้ไวมากๆ และอร่อยมาก ราคาไม่แรง มีวิลล์แชร์ ร่มให้บริการ ห้องน้ำสะอาด พนักงานบริการดีมาก ประทับใจค่ะ,positive,positive
SURAPONG PREEDAGORN,5 เดือนที่แล้ว,สถานที่กว้างขวาง บรรยากาศดีมาก เหมาะกับทุกวัย จะครอบครัว เพื่อนฝูง คู่รัก มาได้หมด มีโต๊ะให้บริการเยอะ บริการจากพนักงานดีมาก อาหารอร่อย  ขาหมูเยอรมันจานใหญ่โต,positive,positive
MaRUGo PLOY,3 เดือนที่แล้ว,"บรรยากาศดีที่เดินเล่นเยอะเวอร์
มาช่วงเย็น เด็กๆ จะชอบไม่ร้อน
อาหารอร่อยแบบสไตล์ไทยๆ …",positive,positive
Sitthinun Sasoontorn,3 สัปดาห์ที่แล้ว,มาที่นี้ครั้งแรกคับ บรรยากาศร่มรื่น เย็นสบาย รสชาติอาหารดีคับ ที่ชอบมากๆคือปลาคาร์ฟเยอะมากๆ ทุกตัวอุดมสมบูรณ์ น้องเป็ดก็น่ารักคับ …,positive,positive
Wera Beer,2 เดือนที่แล้ว,"บรรยากาศดีตาม สไตล์ ป้าบุญ ร้านใหญ่สวย
แต่ เรื่องบริหาร บริการแย่มาก ควรปรับปรุง
ตั้งแต่จุดรับคิว บอกแบบนึง ได้แบบนึง สั่งอาหาร ลูกค้า Walk in มานั่ง กับ …",neutral,positive
อภินันท์,เดือนที่แล้ว,11 สิงหาคม วันแม่ปีนี้ชิงพาไปก่อน 1 วัน เพราะรู้ว่าร้านนี้ คนเยอะแน่นอน ร้านเขาน่าจะเปิดมาตั้งแต่ต้นปีแล้วนะแต่น่าจะเป็นคนชลบุรี 0.5% ที่เพิ่งได้มีโอกาสได้ไปเป็นครั้งแรก55 ร้านนี้เขารวมทุกอย่างไว้ที่นี่แล้วครบจบที่เดียว อาหาร​ คาเฟ่ …,positive,positive
BkkChonburi Center,สัปดาห์ที่แล้ว,ร้านสะอาด บรรยากาศดี  มีที่เล่นเด็กๆสนุกสนาน  ห้องน้ำสะอาด ที่จอดรถสะดวกสบาย พนักงานบริการดีมากค่ะ  จะแวะมาอีกนะคะ,positive,positive
พนิตตา แก้วพิลา,สัปดาห์ที่แล้ว,รสชาติอาหารไม่ได้จัดจ้านมากแต่บรรยากาศดีและพนักงานบริการดีสถานที่สวยงามมีให้อาหารปลาด้วย,positive,positive
PP Style,3 สัปดาห์ที่แล้ว,อาหารอร่อย พนักงานบริการดี ส่วนบรรยากาศ ไม่ต้องพูด ดีมาก มีสัตว์ มีเครื่องเล่นสำหรับเด็ก เหมาะพาลูกมาเที่ยวครับ,positive,positive
K Attapon,3 เดือนที่แล้ว,ดีทุกอย่างเลย บรรยากาศ อาการที่สดสะอาดอร่อย และการบริการที่เยี่ยมยอด ชื่อร้านนี่การันตีอยู่แล้ว ไม่ว่าจะเป็นสาขาไหน มาตฐานอาหารบรรยากาศและการบริการที่ดีสุดๆ,positive,positive
Jaithip Boonnak,4 เดือนที่แล้ว,พาหลานสาวไปวันหยุดขับรถไปจากกรุงเทพไม่ผิดหวังเลยจริงๆคุ้มกับการขับรถ1.30ชั่วโมง ประทับใจทุกอย่าง ที่จอดรถเยอะ ห้องน้ำสะอาด เยอะมีทุกจุดเดินไม่ไกลจากซุ้มที่นั่ง  พนักงานใส่ใจในการบริการ ปลาเยอะสุดๆเด็กๆชอบมาก ประทับใจจริงๆต้องไปซ้ำค่ะ,neutral,positive
พัชรี คงเจริญ,เดือนที่แล้ว,อาหาร ยังไม่ ได้สั่งกินค่ะ น่าจะอร่อย เดี่ยวไปรอบหน้า จะสั่งกินค่ะ พื้นที่ใหญ่มาก สพดวก สบาย อากาศดีมากค่ะ พนักงานบริการดีมาก ห้องน้ำสวย สะอาด เดี่ยวไปอีกค่ะ,positive,positive
tacksina wanplaek,2 เดือนที่แล้ว,"อาหารอร่อยมากๆๆๆ รอคิวไม่ได้นานมากโซนโต๊ะ
ปลาเยอะ บรรยากาศดี อากาศดี สถานที่สะอาดมาก พนักงานเยอะดูเเลทั่วถึง",positive,positive
KASAMA B,4 เดือนที่แล้ว,บรรยากาศดีมาก คนเยอะ พนักงานสุภาพ บริการดี แต่ขาดระบบจอง อยากให้เพิ่มตรงนี้เพราะเคยไปแล้วไม่มีที่นั่ง วันหยุดคนเยอะมากๆๆๆ,positive,positive
Rinlapas Patty,เดือนที่แล้ว,"บรรยากาศดี เหมือนมาสวนสัตว์ขนาดย่อม
มีไก่วงวง(มั๊ง) หนูแก้สบี้ กระต่าย ปลาคาร์ป สนามเด็กเล่น ห้องน้ำติดแอร์
เหมาะกับครอบครัวค่ะ",positive,positive
Sanya Rungrangsee,2 สัปดาห์ที่แล้ว,"บรรยากาศดีมาก รับสัตว์เลี้ยงเข้ามาในโซนได้ สถานที่ค่อนข้างใหญ่ มีบ่อปลาคาร์ฟ และสัตว์อื่นๆ
ที่จอดรถเยอะพอสมควร แต่คนก็เยอะด้วย",positive,positive
น้องนุช อินกรัด,2 เดือนที่แล้ว,มาช่วงวันหยุดเสาร์-อาทิตย์คนค่อนข้างเยอะ และรออาหารนานประมาณ 30 ถึง 40 นาที การบริการการต้อนรับดี มีที่จอดรถกว้างขวาง บรรยากาศดีร่มรื่น แนะนำแนะนำมาช่วงประมาณ 4 โมงเย็น บริการดีสวยสะอาดร่มรื่นเย็นสบาย,positive,positive
KruKik COM,2 เดือนที่แล้ว,ไปวันธรรมดา คนเยอะพอสมควร ลูกชอบที่นี่มากไปทีไรต้องแวะ โซนเด็กเล่นเยอะเลย อาหารอร่อย ราคาเหมาะสม ห้องน้ำติดแอร์เย็นสบาย เหมาะกับครอบครัวมาทานอาหารพักผ่อน,positive,positive
pacharaporn suraparsert,5 เดือนที่แล้ว,บรรยากาศดี อาหารอร่อย ราคากลางเหมือนร้านอาหารแบบเดียวกัน คนเยอะแต่รอไม่นาน เดินชมบรรยากาศเพลินๆ ไม่ต้องกลัวร้อน เพราะมีสเปรย์ไอน้ำทั่วทั้งร้าน,positive,positive
star medical,4 เดือนที่แล้ว,"ต้องบอกก่อนว่า
- บ้านอยู่พัทยา ใกล้กับครัวบ้านป้าบุญ2 มากๆ
- ที่ทำงานอยู่ข้าวหลาม ใกล้กับ ป้าบุญ คาเฟ่ 7 บางแสนมากๆ เช่นกัน …",neutral,positive
วงศ์ไทย พิมพิลา,3 เดือนที่แล้ว,"เป็นร้านอาหารที่เหมาะกับครอบครัวมากๆ
1.บรรยากาศดี สะอาดคนเยอะ แต่ไม่แออัด
2.มีเครื่องเล่น และสัตว์ เหมาะกับการพาลูกมาเล่น
3. อาหารอร่อย ประเภทยำ ตำ แซ่บ ค่ะ",positive,positive
นางสาวศิรินภา บวรวรภรณ์,2 เดือนที่แล้ว,ร้านใหญ่มากบริการดีรวดเร็ว มีของเล่นให้เด็กเล่นเยอะ มีสัตว์น่ารักๆ เพียบเหมาะกับการพาเด็กมา อาหารอร่อยของสดมาก,positive,positive
ทัตพล นุชนาคา,สัปดาห์ที่แล้ว,พนักงานสุภาพมาก (โซนเครื่องบิน) อาหารมาค่อนข้างไว รวมๆประทับใจมาก ต้องมาซ้ำแน่นอน,positive,positive
nutcha pom,เดือนที่แล้ว,บรรยากาศดีมาก เหมาะกับพาครอบครัวมามากๆ พนักงานน่ารักบริการดี มีปลาคาร์ฟ​เยอะมากอยากได้กลับบ้าน,positive,positive
Zombie Gollum Mummy,4 เดือนที่แล้ว,"บรรยากาศดีมากร่มรื่น มีบ่อปลาคาฟที่ค่อนข้างใหญ่
ไดโนเสาร์ขยับได้เหมาะสำหรับการพาครอบครัวมารับประทานอาหาร  เด็กเด็กชอบมีสนามเด็กเล่น …",positive,positive
kanjanaphun sangjan,3 เดือนที่แล้ว,"อาหารอร่อย จานใหญ่ น้ำก็อร่อยค่ะ  ขอหวานมีให้เลือกหลากหลาย ทั้งไอศกรีม เค้ก สถานที่กว้างมาก มีที่จอดรถ มาวันหยุดยาว คนเยอะ แต่รอไม่นานมากค่ะ
เมนูแนะนำ …",positive,positive
อภิชัย วิไลเลิศ,แก้ไขเมื่อวันที่ 3 เดือนที่แล้ว,มีพื้นที่กว้างใหญ่ที่จอดรถ โลเคชั่นดีเยี่ยม สนามเด็กเล่น ห้องน้ำระดับเฟิร์สคลาส อาหารรสชาติอร่อยร้อนๆพร้อมเสิร์ฟ อาหารได้เร็วมาก บรรยากาศสดชื่นไม่มียุง เด็กๆชอบ⭐️⭐️⭐️⭐️⭐️,positive,positive
เพียงรวี,เดือนที่แล้ว,ทับจิตทับใจมาก บรรยากาศดี อาหารอร่อย พนักงานบริการดีเวอร์วังมาก ใส่ใจลูกค้าสุดๆๆ ข้าวผัดจานใหญ่มากกิน4คนยังไม่หมด น้ำปั่นอร่อย กาแฟหอม ดีทุกอย่างเลย ห้องน้ำก็ติดแอร์ โคตรสะอาด ชื่นชมเจ้าของมากๆๆ ครบจบที่เดียว ได้ทุกวัย ราคาไม่ได้แรง คุณภาพวัตถุดิบดีมากๆๆ,positive,positive
Jermsak Luangpapaikit,4 เดือนที่แล้ว,บรรยากาศโคตรดี มากลางคืน อาหารอร่อยมาก (อร่อยแบบอร่อยเลย) แต่ราคาก็แอบแรง นิดนึง มากินไม่กี่อย่าง แค่ ก็คุ้มกับบรรยากาศ ห้องน้ำ สุดมาก สะอาด หอม แอร์เย็น …,positive,positive
Tassawan Sukonthamarn,สัปดาห์ที่แล้ว,คนเยอะมาก พนักงานค่อนข้างน้อย แต่ว่าบรรยากาศดี อาหารก็กลางๆ ฝนตกไม่มีคนมาอำนวยความสะดวก,positive,positive
AkeEiEi Coffee,3 เดือนที่แล้ว,อาหารอร่อย ราคาไม่แพง สถานที่ใหญ่โตไม่อึดอัด ที่นั่งทำดีแข็งแรง นั่งได้ทั่งวันเพลินมากครับ ลูกชอบที่มีสัตว์ให้ดูและยังให้อาหารปลาคาร์ฟได้ด้วย แถมห้องน้ำยังติดแอร์และสะอาดอีก แนะนำครับ,neutral,positive
Chan Pt.,เดือนที่แล้ว,แนะนำแวะที่นี่เลย ตอบโจทย์เป็นอย่างยิ่ง ขอบคุณที่ ที่มีสถานที่บรรยากาศดี อาหารดีพนักงานบริการดีมีมารยาทมากๆ ราคาดี (เป็นทางผ่านเข้ากรุงเทพเลยแวะมาค่ะ ) Long,positive,positive
Ya-Ai PiNny,แก้ไขเมื่อวันที่ 5 เดือนที่แล้ว,"ไม่รีวิวไม่ได้แล้ว!!  คำแนะนำในการมาร้านนี้ 1.ควรมาวันธรรมดา  2.ถ้าไม่มีเวลามาวันหยุดก็ได้  3.ถ้าหิวตาลาย ย้อนกลับไปอ่านข้อ1
(CR) คาเฟ่ชื่อดังของชลบุรี มีครบจบ คือดีมากกก  อลังการงานสร้างกับไดโนเสาร์ …",positive,positive
UmaPorn Chinsongkram,2 เดือนที่แล้ว,บรรยากาศดีบริการดีไปช่วงเย็นวันอังคารไม่ค่อยมีผู้คนเงียบสงบดีมาก ค่าอาหารก็แรงใช้ได้ แต่ก็เข้าใจเพราะสถานที่เขาดีจริง,positive,positive
Onkanya J.,3 เดือนที่แล้ว,ไปทานมาแล้วเดือนที่แล้ว ไปวันเสาร์ตอนเย็น คนค่อนข้างเยอะ ต้องไปรับบัตรคิวก่อน  ถ้าต้องการนั่งซุ้มต้องรอ แต่เรามีคนสูงวัยไปด้วย เลือกนั่งโต๊ะที่ข้างคาเฟ่ จึงรอไม่นาน …,neutral,positive
Gigi DP,5 เดือนที่แล้ว,บรรยากาศถูกใจทุกคนในครอบครัว มาวันธรรมดามื้อเที่ยง คนไม่เยอะมาก จองคิวมาล่วงหน้าได้ รออาหารไม่นานเลย …,positive,positive
kantharat leemasawatdigul,2 เดือนที่แล้ว,อาหารอร่อย พนักงานบริการดี สุภาพ บรรยากาศดี มีเครื่องเล่นให้เด็กๆ มีสัตว์ใหัเด็กๆดู แนะนำเป็นร้านอาหารสำหรับครอบครัวค่ะ,positive,positive
Wattana Suda,2 สัปดาห์ที่แล้ว,"ร้านสวย บรรยากาศดี อาหารอร่อย พนักงานบริการดี
เป็นหนึ่งร้านที่ต้องมาแล้วต้องมาซ้ำ",positive,positive
Siripun S.,3 เดือนที่แล้ว,มาบ่อย ครบครันทั้งอาหาร เครื่องดื่ม ขนม สนามเด็กเล่น มีบ่อปลาให้ชม อาหารรสชาติกลางๆแต่ทำอย่างดี วัตถุดิบสดสะอาด พนักงานใส่ใจ เป็นอีกหนึ่งร้านอาหารที่อวดแขกเหรื่อได้ ราคาพอสมควร,positive,positive
สุรินทร์ ผาเลียง,4 เดือนที่แล้ว,ครบ จบ ที่นี้เลยคะ บรรยากาศดีมาก อาหารอร่อยรอไม่นาน พนักงานบริการดีมากคะ ขอแนะนำ เกี๋ยวหน้าจะพาเด็กๆ  มาด้วยค่าน่าจะชอบกันนน,positive,positive
Somruthai W.,เดือนที่แล้ว,มาแวะกินขนม ดูปลา แล้วปลาเยอะมากกกกกกกกกกกกกกกกกกก พนง.บริการทำถึงทุกมุม ไหว้ทุกจุด 🤭😅 จนเกรงใจเลยค่ะ ไว้เดี๋ยวจะไปทานข้าวบ้าง จุดถ่ายรูปเยอะ ไดโนเสาร์ตัวหย่ายยยย 🦖 …,positive,positive
Kulchaya Klengmongkolton,3 เดือนที่แล้ว,บรรยากาศดีมาก เหมาะกับการพาครอบครัวและเด็กๆมาพักผ่อน อาหารได้ไว พนักงานบริการดีมาก ใส่ใจมาก,positive,positive
Pattamapon Phantip,2 เดือนที่แล้ว,"อร่อยแกร๊  ห่อหมก ถึงเครื่องถึงรสสสส แหนมแนม
บรรยากาศ ดี กว้างขวาง คนเยอะนะ แต่ไม่อึดอัด และอาหารไท่ได้รอนานเลย   ที่สำคัญพนักงานบริการดี  สุดๆๆ",positive,positive
Anuwat I.F.R,2 สัปดาห์ที่แล้ว,สถานที่สะอาด อาหารอร่อย มีไดโนเสาร์ ปลาคาร์ฟ ลูกชอบมากเป็นที่พักผ่อนทุกสุดสัปดาห์ต้องไม่พลาด,positive,positive
ปิยะธิดา บุญยอด,3 เดือนที่แล้ว,บรรยากาศดีมาก เหมาะสำหนับพาครอบครัวมานั่งเล่นรับบรรยากาศดีๆ อาหารอร่อย มีทุกประเภท และอร่อยทุกอย่างคะ👍👍👍 …,positive,positive
Narisara Sophayont,4 สัปดาห์ที่แล้ว,รอโต๊ะนานไปหน่อย คนเยอะมากเนื่องจากเป็นวันเสาร์ แต่ดีที่มีสนามเด็กเล่น และสัตว์ให้ชม ห้องน้ำสะอาด อาหารหลากหลาย รสชาติโอเค มีคาเฟ่เอาไว้หลบร้อนค่ะ,positive,positive
GOD ZILL,5 เดือนที่แล้ว,บรรยากาศดี สถานที่สะอาด เหมาะกับครอบครัว อาหารอร่อย ที่จอดรถเยอะ ระหว่างรอเรียกคิวรับประทานอาหาร มีกิจกรรม โซนเครื่องเล่นให้เด็ก ๆ สนุกกัน ให้อาหารปลา และมุมถ่ายรูปอื่น ๆ ธีมไดโนเสาร์,positive,positive
RattieZ S.,3 เดือนที่แล้ว,บรรยากาศดีมาก น้องๆสัตว์เลี้ยงน่ารัก สะอาดสะอ้านทุกตัว พนักงานบริการดีมาก ห้องน้ำหอมมมากกกก  สะอาดมากกก เหมาะกับการมาพักผ่อนกับเพื่อนๆ ครอบครัวจริงๆ ใครที่ขับผ่าน แวะเถอะ มันดีจริงๆค่ะ,positive,positive
Minnie’s,5 เดือนที่แล้ว,อาหารอร่อย ได้เร็ว  บรรยากาศดีครับ ถึงแดดจะร้อนแต่น้ำพุกับหมอกน้ำ ทำให้ไม่ร้อนเลย มีของเล่นให้เด็กเล่นเยอะมาก เหมาะที่จะพาครอบครัวมากินข้าว พาเด็กๆมาเล่นสนุกครับ และห้องน้ำ โครตสะอาด และหอมมากครับ,positive,positive
Sasi HW,2 เดือนที่แล้ว,ตกแต่งบรรยากาศได้ดีมากๆค่ะ มีไดโนเสาร์ มีเครื่องบินลำใหญ่ มีสัตว์เลี้ยง เหมาะสำหรับครอบครัวที่จะพาเด็กๆลูกหลานไปทานข้าวและเดินเล่นถ่ายรูปค่ะ มีห้องคาราโอเกะเครื่องเสียงดีแอร์เย็นฉ่ำสบายๆค่ะ,positive,positive
Jakapong Streanpayanun,สัปดาห์ที่แล้ว,ร้านบรรยากาศดี เด็กๆ ชอบมาก มีเครื่องเล่นให้เด็กๆ เล่นมากมาย,positive,positive
BelL Jongprasert,3 สัปดาห์ที่แล้ว,บรรยากาศดี สถานที่กว้างใหญ่ มีสัตว์ให้ชมหลายชนิด เหมาะแก่การมานั่งกินลมชมวิว มาเป็นคู่รักก็ได้หรือมาทั้งครอบครัวก็ดี อาหารรสชาติใช้ได้,positive,positive
WANrz_,3 เดือนที่แล้ว,"ครัวป้าบุญสถานที่สวยงามพื้นที่กว้าง ที่นั่งทานอาหารด้านนอกรองรับคนได้จำนวนมาก

- มีสัตว์น้อยน่ารักหลายชนิดเลยเช่น เป็ด กระต่าย แกสบี้ นก ปลา เต่า …",neutral,positive
นางเมรี สาวจี๊ด,เดือนที่แล้ว,ดีมากค่ะ อาหารอร่อย บรรยากาศดี ราคาไม่แพง มีสัตว์ให้ดูเยอะมาก รวมคือดีต่อใจมากๆค่ะ,neutral,positive
Chanchai Damrongsri,5 เดือนที่แล้ว,ร้านสวยมากครับ บรรยากาศดี มุมถ่ายรูปเยอะ อาหารอร่อย ราคาไม่แพงมากเทียบกับรสชาติ ปริมาณ คือ คุ้ม ห้องน้ำติดแอร์และกลิ่นหอมมาก ที่จอดรถเยอะมาก มีสวนสนุกให้เด็กๆเล่น พนักงานบริการดีเยี่ยม …,neutral,positive
sommai lertularn,6 เดือนที่แล้ว,"เมนูกุ้งส่วนใหญ่อร่อยดี รสชาติอาหารปรุงดี รสจัด แต่หน้าตากุ้งจะเล็กกว่ารูปในเมนู แต่ก็โอเคครับ รับได้ ถือว่าดีอยู่
ยำปลาดุกฟูเนื้อร่วนป่นไม่ค่อยอร่อย เหมือนผสมอะไรมาไม่แน่ใจ แต่หน้าตาดูดีมาก …",positive,positive
app id,สัปดาห์ที่แล้ว,อาหารอร่อย มีสนามเด็กเล่นเยอะมาก น่าจะสามารถพาสัตว์เลี้ยงมาได้ ห้องน้ำสะอาดติดแอร์กลิ่นหอม,positive,positive
MinnyNemo Kanomcake,2 สัปดาห์ที่แล้ว,ปกติไปสาขาพัทยาแถวหนองปรือ รอบนี้มาลองสาขาใหม่ที่บางแสนอาหารยังอร่อยเหมือนเดิม พนักงานบริการดีอยู่แล้ว มีการดูแลเอาใจใส่อย่างดี บรรยากาศร่มรื่นลมเย็นสบาย  มุมถ่ายรูปเยอะ (ไข่ตุ๋น หมูตุ๋น อร่อยมาก),positive,positive
Fern Nawaz,2 เดือนที่แล้ว,"มาวันหยุดคนเยอะพอสมควร
แต่ให้บริการค่อนข้างเร็วถ้าเทียบกับจำนวนลูกค้า
อาหารมีหลากหลายทั้งข้าวและหวานทั้งไทยและต่างประเทศ …",neutral,positive
Aungkoon Suanjun,2 วันที่ผ่านมา,บรรยากาศดี เด็กๆชอบ อาหารรสชาติดี รอไม่นาน โดยรวมชอบ ถ่ายรูปไม่ทัน😅 …,positive,positive
Varisa Sahawathanapong,2 เดือนที่แล้ว,รอคิวนานไปนิดเพราะช่วงเทศกาล และติดเที่ยงพอดี แต่อาหารเสิร์ฟเร็วมาก อร่อย บรรยากาศดี พนง บริการดี,positive,positive
mango lemon,2 สัปดาห์ที่แล้ว,รับคิวที่จุดบริการสะดวก พนักงานสุภาพยิ้มแย้ม สถานที่สะอาด บรรยากาศแนวครอบครัวอาหารรวดเร็วรสชาติจัดจ้าน,neutral,positive
ฟ้ารีวิว,2 สัปดาห์ที่แล้ว,รสชาติ 10 10 10 เลยค่ะ อร่อย สถานที่กว้างขวาง หาที่จอดรถยากนิดหน่อย เพราะคนเยอะ  แต่สถานที่รองรับคนเยอะ ไม่แออัด,positive,positive
Jiraporn Jantachot,เดือนที่แล้ว,บรรยากาศดี เด็กๆชอบมาก ทั้งให้อาหารปลาคาร์ฟ นั่งเล่นเพลินๆ ริมน้ำ คาเฟ่ดี แอร์เย็นมากก,positive,positive
Duangduean Thipmanee,3 เดือนที่แล้ว,คาเฟ่สวย บรรยากาศ อาหารอร่อย ปลาคาร์ฟเยอะมากๆ มีสัตว์ให้เด็กๆดูเพลิน มีเครื่องเล่นสำหรับเด็ดให้บริการด้วย จำหน่ายอาหารปลาและอาหารสัตว์ที่อยู่ภายในร้านอาหาร เด็กๆอยู่นานได้ไม่น่าเบื่อค่ะ …,positive,positive
J KKYT,4 เดือนที่แล้ว,ร้านอาหารเก่งบรรยากาศสบายๆมีทั้งโซนที่เป็นคาเฟ่ในห้องแอร์หรือว่าเป็นศาลานั่ง ถึงแม้ศาลาที่ให้นางจะเป็นศาลาแบบ open Air แต่ว่าไม่ร้อนอย่างที่คิด อาหารค่อนข้างรสจัดดีเลย หางานบริการน่ารักมาก คอยสอบถามเสมอๆ เมนูอาหารบางอย่างสามารถ Request พิเศษได้ ที่จอดรถเยอะ ห้องน้ำมีหลายจุดติดแอร์ สะอาด,positive,positive
Safe Worakorn,3 เดือนที่แล้ว,บรรยากาศดีมาก เหมาะแก่การมาทานอาหารและพักผ่อนในวันหยุด บรรยากาศร่มรื่น ร้านตกแต่งสวยงาม คนเยอะแต่ร้านจัดการคิวได้ดี พนักงานบริการดีรวดเร็ว ประทับใจ✨✨✨,positive,positive
Little WS,3 เดือนที่แล้ว,"การจัดการระบบโต๊ะดี
บรรยากาศดีมาก สวยงาม กว้างใหญ่
ห้องน้ำมีหลายจุด สะอาด แอร์เย็น …",positive,positive
Phurichaya Phiphitthong,สัปดาห์ที่แล้ว,บรรยากาศ อาหารน่ากิน อร่อยมากเลยค่ะ วิวดีมาก คนเยอะแต่รอไม่นานเลยค่ะ,positive,positive
Ronnarith Sugihara,2 เดือนที่แล้ว,ป้าบุญ 7 คือร้านอาหารที่เหมาะสำหรับทุกคนในครอบครัว ด้วยราคาอาหารที่ไม่แพง ทำให้คุณสามารถอิ่มอร่อยได้อย่างสบายกระเป๋า ไม่ต้องกังวลเรื่องงบประมาณ ที่นี่มีกิจกรรมถูกใจเด็กๆ อย่างการให้อาหารปลา …,neutral,positive
Supaporn,6 วันที่ผ่านมา,อาหารอร่อย บรรยากาศดีมาก เด็กๆชอบมากค่ะ 👍 …,positive,positive
อัมไพ สุวรรณศร,3 สัปดาห์ที่แล้ว,บรรยากาศดี รอไม่นาน เด็กๆชอบมีของเล่นด้วย เหมาะกับการพักผ่อนช่วงวันหยุดกับคนรอบครัว,positive,positive
pattharadon,2 เดือนที่แล้ว,อาหารอร่อยพนักงานบริการดีห้องน้ำสะอาดมากๆๆๆๆๆๆเเต่อาหารเเพง(เเต่คุ้ม)มีที่ให้นอนสัตว์น่ารักไดโนเสาร์มี11ตัวตัวใหญ่มีสนามเด็กเล่นด้วยเยอะมาก,positive,positive
Porntipa Makecharoen,2 เดือนที่แล้ว,อาหารอร่อย บรรยากาศก็ดี แต่คนก็เยอะมากๆ เช่นกัน รอโต๊ะใช้เวลาประมาณหนึ่ง แต่รออาหารไม่นานมาก,positive,positive
Nutcha Sriprapat,5 เดือนที่แล้ว,บรรยากาศดี ร้านดีแบบดีเวอร์มาก ที่จอดรถเยอะ ห้องน้ำคือที่สุดของร้านอาหารในเมืองไทยแล้ว อาหารอร่อย แซ่บ เอาไปล้านคะแนน …,positive,positive
Kulisara Chaloeysuk,5 เดือนที่แล้ว,อาหารอร่อยทุกอย่างค่ะ พนักงานบริการดีเยี่ยม บรรยากาศดีมาก ต้องมาซ้ำอีกรอบแน่นอนค่ะ,positive,positive
WIRINTHON J,4 เดือนที่แล้ว,บรรยากาศดีมากกก มีเป็ดด้วยย อาหารอร่อย ที่นั่งสบายอยู่กลางน้ำ เป็นส่วนตัว ไม่แออัด,positive,positive
Peethawut Techalertsirimongkol,2 สัปดาห์ที่แล้ว,ราคาอาหารไม่แพง จานใหญ่ กินอิ่ม แต่รสชาติไม่ค่อยโอเค,negative,positive
Rose Quartz,เดือนที่แล้ว,มาในช่วงวันธรรมดาคนเลยไม่ค่อยเยอะค่ะ ถ้ามาเสาร์อาทิตย์อาจจะคนเยอะหน่อยๆต้องรอคิว มาถึงที่นี่ต้องยอมรับเลยว่าตกแต่งบรรยากาศได้ดีมากๆ เหมือนมาสวนสนุกที่นั่งกินข้าวได้นิดหน่อยเลย เหมาะสำหรับครอบครัวดีค่ะ มีกิจกรรมให้เด็กเยอะเลย ช้อยส์อาหารมีให้เลือกเยอะเลย ของหวานคือดีมาก มาถึงบางแสนแนะนำค่ะ สาขา7💞💞 …,positive,positive
Suntharee Klayvan,3 เดือนที่แล้ว,ร้านอาหารกว้างขวาง ตกแต่งสวยงาม เหมาะกับทุกเพศ ทุกวัย มีสัตว์เลี้ยงหลากหลาย ถ่ายรูปสวยๆ มีของเล่นให้เด็ก ๆ เหมาะกับมาทานข้าวเป็นครอบครัว อาหารอร่อยค่ะ,positive,positive
Thavewat Simasathien,2 เดือนที่แล้ว,ร้านนี้มีทั้งอาหารและเป็นคาเฟ่ด้วยนะ พิซซ่าดีพอควรสถานที่ตกแต่งไว้สวยงาม มีสัตว์หลากหลายทั้งปลาคร๊าฟท์ ไก่ นกยูงฯ มีเครื่องเล่นสำหรับเด็ก จะไปแบบครอบครัวหรือเพื่อนฝูงได้หมดแล้วแต่เลยคับ,positive,positive
24 ณัชชา เจียมรอด,2 สัปดาห์ที่แล้ว,เริ่ดเลยหล่ะบรรยากาศเหมาะกับการพักผ่อนมากมากับครอบครัวหรือคนที่รักก็ได้ดีสุดๆอาหารแซ่บมากอร่อยสุดๆแบบจึ้งๆบริการดีมากน้ำยังไม่ทันหมดคือเติมให้แล้วรวมๆคือโอเคเลยค่ะสุดยอด👍🏻👍🏻 …,positive,positive
Fon Watcharee,4 เดือนที่แล้ว,ร้านอาหารดีมาก มีโซนให้นั่งหลายโซน มี model ไดโนเสาร์เยอะมาก ร้องได้กระดิกได้ อาหารอร่อย เจ้าหน้าที่บริการดีมากค่ะ …,positive,positive
SOMPHONG SRI.,3 เดือนที่แล้ว,ป้าบุญ 7 เปิดใหม่ สถานที่ใหญ่มาก ลานไดโนเสาร์ก็เยอะ เด็กๆน่าจะชอบ คาเฟ่ เครื่องดื่ม เค้ก มีให้เลือกเยอะมาก อาหารน่ารับประทาน ราคาเข้าใจได้กับสถานที่แบบนี้,positive,positive
aTae itTae,4 เดือนที่แล้ว,บรรยากาศดีเหมาะสำหรับครอบครัว มีไดโนเสา เครื่องบิน ปลาคราฟ เป็ด ไก่ เครื่องเล่นสำหรับเด็กๆ ไว้ให้ชม ให้เล่น น้องๆพนักงานในคาเฟต์ใส่ใจบริการ ด้านอาหารให้รสชาติกลางๆ อยู่ในมาตรฐาน ปู กุ้ง สด หอยจ้อมาเส้นใหญ่ไปนิดทำให้ความเป็นจ้อปูไม่เข้มข้น …,positive,positive
Sakulrut Saipunya,5 เดือนที่แล้ว,"คนเยอะมากกก รอคิวประมาณ 40-50 นาที (วันเสาร์) แต่คิวก็รันเรื่อยๆ อยู่นะ
อาหารหลากหลาย รสชาติดี
ตอนสั่งอาหารบอกว่ารออาหาร 30 นาที แต่แปปเดียว ไม่ถึง 10นาที อาหารก็มาครบแล้ว",positive,positive
Jingjoe K.,5 เดือนที่แล้ว,"สมชื่อป้าบุญคาเฟ่ สาขาที่ 7
พื้นที่กว้างขวาง ตกแต่งอลังการ มีไดโนเสาร์หลายตัว ขยับได้ด้วย เด็กๆน่าจะชอบ มีสนามเด็กเล่น มีปลาคราฟเยอะมาก สามารถป้อนอาหารได้ สวนก็ตกแต่งได้สวย …",positive,positive
นางสาวมณฑิตา ทิพย์คํามี,4 เดือนที่แล้ว,อาหารโอเค โดยรวมดี บรรยากาศดีมาก ห้องน้ำสะอาด มีสัตว์ให้ดูเยอะมาก โต๊ะกว้างใหญ่ มาแค่ 2คน สั่งอาหารน้อย เพราะแค่นี้ก็กินจะไม่หมดแล้ว,positive,positive
teddy p,3 เดือนที่แล้ว,บรรยากาศร่มรื่น สะอาด เหมาะกับการพาเด็กมาเที่ยวเล่น พนักงานบริการดีมากค่ะะ ไว้จะพาเด็กเด็กมาเที่ยวอีกนะคะ,positive,positive
benjawan suisod,แก้ไขเมื่อวันที่ เดือนที่แล้ว,บรรยากาศร้านดีมากจริงๆ อาหารก็อร่อย มาซ้ำค่ะ,positive,positive
NATTHAPHAT Ps,4 เดือนที่แล้ว,อาหารรสชาติดี พนักงานทุกคนบริการดีมากค่ะ บรรยากาศคือเต็มสิบให้ล้านเลย เหมาะกับครอบครัว พาลูกหลานมาให้อาหารฝูงปลา กระต่าย ไก่ เป็ด เต่า ห้องน้ำมีหลายจุดมากๆ และที่สำคัญห้องน้ำสะอาด กลิ่นหอมมาก,positive,positive
น้าหมู โมเดิร์นไนน์,4 เดือนที่แล้ว,"วันนี้มาชลบุรี เลยถือโอกาสพาหลานๆมากินข้าวที่ร้าน""ป้าบุญคาเฟ่"" สาขา 7 บางแสน เสียหน่อย บรรยากาศดี อาหารอร่อยทุกอย่าง พนักงานบริการดี ที่จอดรถกว้างขวาง เด็กๆชอบมากที่ได้สัมผัสไดโนเสาร์อย่างใกล้ชิด อาหารอร่อยหรือไม่อร่อยก็ขอฟ้องด้วยภาพแล้วกันนะครับ",neutral,positive
เบญจวรรณ ประทุมวงษ์,3 เดือนที่แล้ว,"อาหารอร่อยมากเลยค่ะ อร่อยจริงๆ อร่อยทุกอย่างที่เราสั่งมา บรรยากาศดีมาก เย็นสบาย
มีของเล่นไว้ให้เด็กๆเล่นด้วย เหมาะกับเด็กมากๆ มีโอกาสแวะไปอีกแน่นอนค่ะ",positive,positive
mongkol Im,6 เดือนที่แล้ว,"มาตามรีวิว ไหนๆ ก็มาทะเลแถวนี้แล้ว ลองสักหน่อย
อาหาร... อร่อยทุกอย่าง (บางจานลืมถ่าย ตักกันไปแล้ว) ข้าวผ้ดดีเลย ข้าวร่วนไม่แฉะ ต้มยำก็แซ่บนัว คอหมูย่างนุ่มมาก ขาหมูยังไม่ได้กิน กินไม่หมดเพราะมาทีหลังอิ่มก่อน …",positive,positive
Nongnice Inkrud,2 เดือนที่แล้ว,มาวันหยุดช่วงเสาร์-อาทิตย์คนเยอะมาก รออาหารนานเช่นกัน มีที่จอดรถกว้างขวางสะดวกสบาย บรรยากาศร่มรื่นเย็นสบาย ถ้าพนักงานบริการดี พี่,positive,positive
supunni itti,2 เดือนที่แล้ว,บรรยากาศดี สะอาด พนักงานบริการดี เหมาะแก่การมาพักผ่อน ครอบครัว เพื่อน แฟน ได้หมดค่ะ,positive,positive
rada k,3 เดือนที่แล้ว,สถานที่กว้างขวางแข่งเป็นซุ้มแยกเป็นสัดส่วน ไม่อึดอัด ที่นั่งท่ามกลางสระน้ำขนาดใหญ่ มีปลาคาร์ฟว่ายมาหา บ่อกระต่าย นก เป็ดคอลดั๊ก เครื่องเล่นเด็กหลายชุด ใหญ่มากๆ มาที่เดียวครบ จบเลยค่ะ,positive,positive
Puritad Thongpreecha,5 เดือนที่แล้ว,เป็นจุดเช็คอินแห่งใหม่แถวนี้ไปแล้ว  ยังไม่ได้ใช้บริการเพราะว่าวันนี้คนเยอะมาก ต้องไปรับบัตรคิว แค่คิวรอรับบัตรคิวก็ยาวเฟื้อยแล้ว …,neutral,positive
Btoeÿ BT,5 เดือนที่แล้ว,ร้านสวย บรรยากาศดีร่มรื่นสุดๆ มีปลาคราฟเยอะมาก มุมถ่ายรูปสวยๆเยอะ  แถมมีสนามเด็กเล่นสำหรับเด็กๆ,positive,positive
Vithoon Ut.,เดือนที่แล้ว,"สถานที่สวย กว้างขวาง จัดที่นั่ง แบบ indoor และ outdoor ที่จอดรถเยอะ

มีเครื่องเล่นสไลด์เดอร์ให้เด็กๆเล่น …",neutral,positive
Grace Harper,6 เดือนที่แล้ว,เป็นร้านอาหารที่เหมาะกับเด็กมากๆเลยค่ะ มีเครื่องเล่นและสัตว์ให้เด็กเดินดูได้ไม่เบื่อเลย วิ่งกันสนุกสนานมากๆ ส่วนอาหารอร่อย จานใหญ่รู้สึกว่าคุ้มค่านะคะ ถึงแม้ว่าคนจะเยอะแค่ไหน แต่อาหารรอไม่นานเลยสั่งปุ๊บไม่ถึง 10 นาทีก็ได้แล้ว …,positive,positive
